sr_no,state
1,Sikkim
2,Andaman & Nicobar Island
3,Arunachal Pradesh
4,Assam
5,Chhattisgarh
6,DNH and DD
7,Jammu and Kashmir
8,Ladakh
9,Manipur
10,Meghalaya
11,Mizoram
12,Nagaland
13,Puducherry
14,Tripura
15,Bihar
16,Chandigarh
17,Delhi
18,Madhya Pradesh
19,Odisha
20,Punjab
21,Uttarakhand
22,Himachal Pradesh
23,Haryana
24,Jharkhand
25,Andhra Pradesh
26,Goa
27,Gujarat
28,Karnataka
29,Kerala
30,Maharashtra
31,Rajasthan
32,Tamil Nadu
33,Uttar Pradesh
34,West Bengal
